TransactionID,TransactionDate,UserEmail,UserBillingInfo,UserAddress,ProcessedBy
1,2026-07-14,a.smith101@gmail.com,Visa ending in 4102,742 Evergreen Terrace,3
2,2026-07-14,a.johnson202@yahoo.com,MasterCard ending in 8831,123 Maple St Apt 4B,1
3,2026-07-14,a.brown404@outlook.com,Amex ending in 1004,890 Oak Ave,7
4,2026-07-14,a.jones505@gmail.com,PayPal (a.jones505@gmail.com),456 Pine Rd,2
5,2026-07-14,a.miller606@yahoo.com,Visa ending in 5592,321 Cedar Ln,9
6,2026-07-14,a.garcia808@gmail.com,Apple Pay,654 Elm St,4
7,2026-07-14,a.wilson1010@yahoo.com,MasterCard ending in 3310,987 Birch Dr,8
8,2026-07-14,a.anderson1212@outlook.com,Visa ending in 7721,159 Walnut Ct,5
9,2026-07-14,a.taylor1313@gmail.com,Discover ending in 9012,753 Chestnut Way,10
10,2026-07-14,a.hernandez1515@hotmail.com,Visa ending in 1184,852 Ash Blvd,6
11,2026-07-14,a.moore1616@gmail.com,Google Pay,963 Beech St,2
12,2026-07-14,a.jackson1818@yahoo.com,MasterCard ending in 6643,147 Cypress Ave,1
13,2026-07-14,a.white2020@outlook.com,Visa ending in 2239,258 Magnolia Dr,5
14,2026-07-14,b.lopez2121@gmail.com,Amex ending in 5091,369 Poplar Rd,8
15,2026-07-14,b.gonzalez2323@hotmail.com,PayPal (b.gonzalez2323@hotmail.com),741 Redwood Ln,3
16,2026-07-14,b.harris2424@gmail.com,Visa ending in 8410,852 Spruce Ct,7
17,2026-07-14,b.clark2525@icloud.com,Apple Pay,963 Willow Way,4
18,2026-07-14,b.lewis2626@yahoo.com,MasterCard ending in 1928,159 Alder St,6
19,2026-07-14,b.walker2828@outlook.com,Visa ending in 3345,357 Sycamore Ave,10
20,2026-07-14,b.perez2929@gmail.com,Discover ending in 7102,468 Hickory Rd,2
21,2026-07-15,c.young3131@hotmail.com,Visa ending in 6619,579 Fir St,1
22,2026-07-15,c.sanchez3333@icloud.com,Google Pay,680 Palm Ave,9
23,2026-07-15,c.wright3434@yahoo.com,MasterCard ending in 4421,791 Beechwood Dr,3
24,2026-07-15,c.king3535@gmail.com,Amex ending in 8820,802 Cottonwood Ct,5
25,2026-07-15,c.torres3737@gmail.com,Visa ending in 1394,913 Dogwood Ln,8
26,2026-07-15,c.nguyen3838@yahoo.com,PayPal (c.nguyen3838@yahoo.com),124 Hazel St,4
27,2026-07-15,c.flores4040@gmail.com,Apple Pay,235 Larch Rd,7
28,2026-07-15,d.green4141@icloud.com,Visa ending in 9940,346 Laurel Way,6
29,2026-07-15,d.nelson4343@gmail.com,MasterCard ending in 2011,457 Linden Ave,2
30,2026-07-15,d.hall4545@gmail.com,Visa ending in 5832,568 Maplewood Dr,10
31,2026-07-15,d.rivera4646@yahoo.com,Discover ending in 4109,679 Mulberry Ct,1
32,2026-07-15,d.mitchell4848@gmail.com,Google Pay,780 Pecan St,3
33,2026-07-15,d.carter4949@icloud.com,Amex ending in 6092,891 Persimmon Rd,5
34,2026-07-15,d.roberts5050@yahoo.com,Visa ending in 7281,902 Redwood Ave,8
35,2026-07-15,e.phillips5252@outlook.com,MasterCard ending in 3145,113 Sassafras Ln,4
36,2026-07-15,e.evans5353@gmail.com,PayPal (e.evans5353@gmail.com),224 Sweetgum Ct,9
37,2026-07-15,e.turner5454@yahoo.com,Visa ending in 8901,335 Sycamore Dr,7
38,2026-07-15,e.parker5656@gmail.com,Apple Pay,446 Tulip St,2
39,2026-07-15,e.cruz5757@icloud.com,Visa ending in 1543,557 Walnut Way,6
40,2026-07-15,e.edwards5858@yahoo.com,MasterCard ending in 9281,668 Willow Rd,10
41,2026-07-16,e.collins5959@gmail.com,Discover ending in 3820,779 Acadia Ave,1
42,2026-07-16,f.morris6262@yahoo.com,Visa ending in 4712,880 Bayberry Dr,5
43,2026-07-16,f.morales6363@hotmail.com,Amex ending in 7109,991 Cedarwood Ct,3
44,2026-07-16,f.murphy6464@gmail.com,Google Pay,102 Chestnut Hill,8
45,2026-07-16,f.cook6565@icloud.com,Visa ending in 8234,213 Dogwood Terrace,4
46,2026-07-16,f.rogers6666@yahoo.com,MasterCard ending in 5510,324 Elmwood Rd,7
47,2026-07-16,f.ortiz6868@outlook.com,PayPal (f.ortiz6868@outlook.com),435 Forest Ave,2
48,2026-07-16,f.morgan6969@gmail.com,Visa ending in 2901,546 Glenwood Dr,9
49,2026-07-16,g.peterson7171@hotmail.com,Apple Pay,657 Highland St,6
50,2026-07-16,g.bailey7272@gmail.com,Visa ending in 6123,768 Ivy Lane,10
51,2026-07-16,g.reed7373@icloud.com,MasterCard ending in 9045,879 Juniper Ct,1
52,2026-07-16,g.kelly7474@yahoo.com,Discover ending in 1823,980 Laurel Ridge,3
53,2026-07-16,g.howard7575@gmail.com,Amex ending in 4390,191 Magnolia Way,5
54,2026-07-16,g.kim7777@gmail.com,Visa ending in 7512,202 Meadow Dr,8
55,2026-07-16,g.ward7979@hotmail.com,Google Pay,313 Oakridge Rd,4
56,2026-07-16,g.richardson8080@gmail.com,MasterCard ending in 3209,424 Pinecrest Ave,7
57,2026-07-16,h.watson8181@icloud.com,Visa ending in 8812,535 Riverview Ct,2
58,2026-07-16,h.brooks8282@yahoo.com,PayPal (h.brooks8282@yahoo.com),646 Shadow Ln,6
59,2026-07-16,h.chavez8383@gmail.com,Apple Pay,757 Timberline Dr,9
60,2026-07-16,h.james8585@gmail.com,Visa ending in 1092,868 Valley View,10
61,2026-07-17,h.gray8787@hotmail.com,MasterCard ending in 5431,979 Whispering Pines,1
62,2026-07-17,h.mendoza8888@gmail.com,Discover ending in 2910,180 Woodland Terrace,3
63,2026-07-17,h.ruiz8989@icloud.com,Visa ending in 6321,291 Amber Ridge,8
64,2026-07-17,h.hughes9090@yahoo.com,Amex ending in 8743,402 Bluebell Way,5
65,2026-07-17,i.price9191@gmail.com,Google Pay,513 Cambridge Dr,2
66,2026-07-17,i.castillo9393@gmail.com,Visa ending in 9182,624 Deerfield Ln,4
67,2026-07-17,i.sanders9494@yahoo.com,MasterCard ending in 3401,735 Evergreen Ct,7
68,2026-07-17,i.patel9595@hotmail.com,PayPal (i.patel9595@hotmail.com),846 Fox Run,9
69,2026-07-17,i.myers9696@gmail.com,Apple Pay,957 Greenbriar Dr,6
70,2026-07-17,i.ross9898@yahoo.com,Visa ending in 2190,168 Heritage Way,10
71,2026-07-17,i.foster9999@gmail.com,MasterCard ending in 5821,279 Ironwood Ct,1
72,2026-07-17,j.powell10101@gmail.com,Discover ending in 9034,380 Lakeshore Dr,3
73,2026-07-17,j.jenkins10202@yahoo.com,Visa ending in 1478,491 Morning Glory Rd,5
74,2026-07-17,j.perry10303@hotmail.com,Amex ending in 3290,602 Orchard Ln,8
75,2026-07-17,j.russell10404@gmail.com,Google Pay,713 Parkview Ave,2
76,2026-07-17,j.sullivan10505@icloud.com,Visa ending in 6812,824 Quail Ridge,4
77,2026-07-17,j.coleman10707@gmail.com,MasterCard ending in 8901,935 Ridgewood Dr,7
78,2026-07-17,j.henderson10909@gmail.com,PayPal (j.henderson10909@gmail.com),146 Sunnydale Rd,6
79,2026-07-17,j.barnes11010@yahoo.com,Apple Pay,257 Tall Pines Ct,9
80,2026-07-17,k.fisher11212@gmail.com,Visa ending in 4123,368 University Ave,10
81,2026-07-18,k.vasquez11313@icloud.com,MasterCard ending in 7590,479 Village Green,1
82,2026-07-18,k.simmons11414@yahoo.com,Discover ending in 2819,580 Windswept Way,3
83,2026-07-18,k.jordan11616@outlook.com,Visa ending in 6301,691 Yorkshire Rd,5
84,2026-07-18,k.alexander11818@yahoo.com,Amex ending in 9412,702 Zinnia Ct,8
85,2026-07-18,k.hamilton11919@hotmail.com,Google Pay,813 Autumn Wood,2
86,2026-07-18,l.reynolds12121@icloud.com,Visa ending in 3094,924 Blossom Hill,4
87,2026-07-18,l.griffin12222@yahoo.com,MasterCard ending in 8210,135 Clearwater Dr,7
88,2026-07-18,l.moreno12424@outlook.com,PayPal (l.moreno12424@outlook.com),246 Crestview Ln,6
89,2026-07-18,l.west12525@gmail.com,Apple Pay,357 Driftwood Ave,9
90,2026-07-18,l.cole12626@yahoo.com,Visa ending in 5123,468 Echo Valley,10
91,2026-07-18,l.hayes12727@hotmail.com,MasterCard ending in 9902,579 Fox Hollow,1
92,2026-07-18,l.bryant12929@icloud.com,Discover ending in 3140,680 Grandview Terrace,3
93,2026-07-18,m.stevens13131@gmail.com,Visa ending in 7819,791 Heather Way,5
94,2026-07-18,m.murray13232@outlook.com,Amex ending in 2045,802 Hidden Valley,8
95,2026-07-18,m.ford13333@gmail.com,Google Pay,913 Iron Mill Rd,2
96,2026-07-18,m.marshall13434@yahoo.com,Visa ending in 6590,124 Kingfisher Ct,4
97,2026-07-18,m.owens13535@hotmail.com,MasterCard ending in 1289,235 Laurelwood Dr,7
98,2026-07-18,m.harrison13737@icloud.com,PayPal (m.harrison13737@icloud.com),346 Mossy Oak,9
99,2026-07-18,m.ruiz13838@yahoo.com,Apple Pay,457 Nightingale Ln,6
100,2026-07-18,m.wells14040@outlook.com,Visa ending in 8301,568 Old Mill Rd,10
101,2026-07-19,n.alvarez14141@gmail.com,MasterCard ending in 4192,679 Pebble Beach,1
102,2026-07-19,n.mendoza14343@hotmail.com,Discover ending in 7023,780 Quail Run,3
103,2026-07-19,n.castillo14444@gmail.com,Visa ending in 1934,891 Rolling Hills,5
104,2026-07-19,n.olson14545@icloud.com,Amex ending in 5580,902 Shady Grove,8
105,2026-07-19,n.tucker14848@outlook.com,Google Pay,113 Silver Spring,2
106,2026-07-19,n.freeman14949@gmail.com,Visa ending in 8801,224 Stone Creek,4
107,2026-07-19,o.henry15151@hotmail.com,MasterCard ending in 3219,335 Timber Creek,7
108,2026-07-19,o.vasquez15252@gmail.com,PayPal (o.vasquez15252@gmail.com),446 Valley Oak,6
109,2026-07-19,o.snyder15353@icloud.com,Apple Pay,557 Willow Creek,9
110,2026-07-19,o.simpson15454@yahoo.com,Visa ending in 9043,668 Windmill Way,10
111,2026-07-19,o.jimenez15656@outlook.com,MasterCard ending in 2381,779 Wood Ridge,1
112,2026-07-19,o.porter15757@gmail.com,Discover ending in 6710,880 Aspen Trail,3
113,2026-07-19,o.hicks15959@hotmail.com,Visa ending in 1049,991 Birchwood Dr,5
114,2026-07-19,o.crawford16060@gmail.com,Amex ending in 4920,102 Cedar Ridge,8
115,2026-07-19,p.palmer16161@icloud.com,Google Pay,213 Dogwood Crest,2
116,2026-07-19,p.robertson16262@yahoo.com,Visa ending in 7310,324 Elm Crest,4
117,2026-07-19,p.black16363@gmail.com,MasterCard ending in 9802,435 Forest Ridge,7
118,2026-07-19,p.stone16565@gmail.com,PayPal (p.stone16565@gmail.com),546 Glen Crest,9
119,2026-07-19,p.meyer16666@yahoo.com,Apple Pay,657 Hickory Crest,6
120,2026-07-19,p.jordan16868@gmail.com,Visa ending in 2490,768 Ivy Crest,10
121,2026-07-20,p.hunt17070@yahoo.com,MasterCard ending in 5103,879 Juniper Ridge,1
122,2026-07-20,q.mustang17171@gmail.com,Discover ending in 8391,980 Laurel Crest,3
123,2026-07-20,q.knight17373@gmail.com,Visa ending in 1940,191 Maple Crest,5
124,2026-07-20,q.ferguson17474@yahoo.com,Amex ending in 4210,202 Oak Crest,8
125,2026-07-20,q.rose17575@hotmail.com,Google Pay,313 Pine Crest,2
126,2026-07-20,q.hawkins17777@icloud.com,Visa ending in 7093,424 Redwood Crest,4
127,2026-07-20,q.dunn17878@yahoo.com,MasterCard ending in 9501,535 Spruce Crest,7
128,2026-07-20,q.hudson18080@outlook.com,PayPal (q.hudson18080@outlook.com),646 Walnut Crest,6
129,2026-07-20,r.spencer18181@gmail.com,Apple Pay,757 Willow Ridge,9
130,2026-07-20,r.gardner18282@yahoo.com,Visa ending in 3109,868 Alder Crest,10
131,2026-07-20,r.payne18484@gmail.com,MasterCard ending in 6421,979 Beech Crest,1
132,2026-07-20,r.pierce18585@icloud.com,Discover ending in 8904,180 Cypress Ridge,3
133,2026-07-20,r.matthews18787@gmail.com,Visa ending in 2130,291 Elm Ridge,5
134,2026-07-20,r.arnold18888@outlook.com,Amex ending in 5689,402 Fir Ridge,8
135,2026-07-20,r.wagner18989@gmail.com,Google Pay,513 Hickory Ridge,2
136,2026-07-20,r.willis19090@yahoo.com,Visa ending in 9012,624 Larch Ridge,4
137,2026-07-20,s.watkins19292@gmail.com,MasterCard ending in 1345,735 Linden Ridge,7
138,2026-07-20,s.olson19393@icloud.com,PayPal (s.olson19393@icloud.com),846 Magnolia Ridge,9
139,2026-07-20,s.carroll19494@yahoo.com,Apple Pay,957 Mulberry Ridge,6
140,2026-07-20,s.snyder19696@outlook.com,Visa ending in 4890,168 Poplar Ridge,10
141,2026-07-21,s.hart19797@gmail.com,MasterCard ending in 7201,279 Sycamore Ridge,1
142,2026-07-21,s.bradley19999@hotmail.com,Discover ending in 9534,380 Walnut Ridge,3
143,2026-07-21,s.lane20000@gmail.com,Visa ending in 1892,491 Ash Ridge,5
144,2026-07-21,a.smith101@gmail.com,Amex ending in 4102,742 Evergreen Terrace,8
145,2026-07-21,a.brown404@outlook.com,Google Pay,890 Oak Ave,2
146,2026-07-21,a.jones505@gmail.com,Visa ending in 6401,456 Pine Rd,4
147,2026-07-21,a.miller606@yahoo.com,MasterCard ending in 5592,321 Cedar Ln,7
148,2026-07-21,a.garcia808@gmail.com,PayPal (a.garcia808@gmail.com),654 Elm St,6
149,2026-07-21,a.wilson1010@yahoo.com,Apple Pay,987 Birch Dr,9
150,2026-07-21,a.anderson1212@outlook.com,Visa ending in 7721,159 Walnut Ct,10
151,2026-07-21,a.hernandez1515@hotmail.com,MasterCard ending in 1184,852 Ash Blvd,1
152,2026-07-21,a.moore1616@gmail.com,Discover ending in 4902,963 Beech St,3
153,2026-07-21,a.jackson1818@yahoo.com,Visa ending in 6643,147 Cypress Ave,5
154,2026-07-21,a.white2020@outlook.com,Amex ending in 2239,258 Magnolia Dr,8
155,2026-07-21,b.lopez2121@gmail.com,Google Pay,369 Poplar Rd,2
156,2026-07-21,b.gonzalez2323@hotmail.com,Visa ending in 9104,741 Redwood Ln,4
157,2026-07-21,b.harris2424@gmail.com,MasterCard ending in 8410,852 Spruce Ct,7
158,2026-07-21,b.clark2525@icloud.com,PayPal (b.clark2525@icloud.com),963 Willow Way,9
159,2026-07-21,b.lewis2626@yahoo.com,Apple Pay,159 Alder St,6
160,2026-07-21,b.walker2828@outlook.com,Visa ending in 3345,357 Sycamore Ave,10
161,2026-07-22,b.perez2929@gmail.com,MasterCard ending in 7102,468 Hickory Rd,1
162,2026-07-22,c.young3131@hotmail.com,Discover ending in 6619,579 Fir St,3
163,2026-07-22,c.sanchez3333@icloud.com,Visa ending in 1290,680 Palm Ave,5
164,2026-07-22,c.wright3434@yahoo.com,Amex ending in 4421,791 Beechwood Dr,8
165,2026-07-22,c.king3535@gmail.com,Google Pay,802 Cottonwood Ct,2
166,2026-07-22,c.torres3737@gmail.com,Visa ending in 1394,913 Dogwood Ln,4
167,2026-07-22,c.nguyen3838@yahoo.com,MasterCard ending in 8012,124 Hazel St,7
168,2026-07-22,c.flores4040@gmail.com,PayPal (c.flores4040@gmail.com),235 Larch Rd,6
169,2026-07-22,d.green4141@icloud.com,Apple Pay,346 Laurel Way,9
170,2026-07-22,d.nelson4343@gmail.com,Visa ending in 2011,457 Linden Ave,10
171,2026-07-22,d.hall4545@gmail.com,MasterCard ending in 5832,568 Maplewood Dr,1
172,2026-07-22,d.rivera4646@yahoo.com,Discover ending in 4109,679 Mulberry Ct,3
173,2026-07-22,d.mitchell4848@gmail.com,Visa ending in 7319,780 Pecan St,5
174,2026-07-22,d.carter4949@icloud.com,Amex ending in 6092,891 Persimmon Rd,8
175,2026-07-22,d.roberts5050@yahoo.com,Google Pay,902 Redwood Ave,2
176,2026-07-22,e.phillips5252@outlook.com,Visa ending in 3145,113 Sassafras Ln,4
177,2026-07-22,e.evans5353@gmail.com,MasterCard ending in 6601,224 Sweetgum Ct,7
178,2026-07-22,e.turner5454@yahoo.com,PayPal (e.turner5454@yahoo.com),335 Sycamore Dr,9
179,2026-07-22,e.parker5656@gmail.com,Apple Pay,446 Tulip St,6
180,2026-07-22,e.cruz5757@icloud.com,Visa ending in 1543,557 Walnut Way,10
181,2026-07-23,e.edwards5858@yahoo.com,MasterCard ending in 9281,668 Willow Rd,1
182,2026-07-23,e.collins5959@gmail.com,Discover ending in 3820,779 Acadia Ave,3
183,2026-07-23,f.morris6262@yahoo.com,Visa ending in 4712,880 Bayberry Dr,5
184,2026-07-23,f.morales6363@hotmail.com,Amex ending in 7109,991 Cedarwood Ct,8
185,2026-07-23,f.murphy6464@gmail.com,Google Pay,102 Chestnut Hill,2
186,2026-07-23,f.cook6565@icloud.com,Visa ending in 8234,213 Dogwood Terrace,4
187,2026-07-23,f.rogers6666@yahoo.com,MasterCard ending in 5510,324 Elmwood Rd,7
188,2026-07-23,f.ortiz6868@outlook.com,PayPal (f.ortiz6868@outlook.com),435 Forest Ave,6
189,2026-07-23,f.morgan6969@gmail.com,Apple Pay,546 Glenwood Dr,9
190,2026-07-23,g.peterson7171@hotmail.com,Visa ending in 9012,657 Highland St,10
191,2026-07-23,g.bailey7272@gmail.com,MasterCard ending in 6123,768 Ivy Lane,1
192,2026-07-23,g.reed7373@icloud.com,Discover ending in 9045,879 Juniper Ct,3
193,2026-07-23,g.kelly7474@yahoo.com,Visa ending in 1823,980 Laurel Ridge,5
194,2026-07-23,g.howard7575@gmail.com,Amex ending in 4390,191 Magnolia Way,8
195,2026-07-23,g.kim7777@gmail.com,Google Pay,202 Meadow Dr,2
196,2026-07-23,g.ward7979@hotmail.com,Visa ending in 5290,313 Oakridge Rd,4
197,2026-07-23,g.richardson8080@gmail.com,MasterCard ending in 3209,424 Pinecrest Ave,7
198,2026-07-23,h.watson8181@icloud.com,PayPal (h.watson8181@icloud.com),535 Riverview Ct,9
199,2026-07-23,h.brooks8282@yahoo.com,Apple Pay,646 Shadow Ln,6
200,2026-07-23,h.chavez8383@gmail.com,Visa ending in 8190,757 Timberline Dr,10
201,2026-07-24,h.james8585@gmail.com,MasterCard ending in 1092,868 Valley View,1
202,2026-07-24,h.gray8787@hotmail.com,Discover ending in 5431,979 Whispering Pines,3
203,2026-07-24,h.mendoza8888@gmail.com,Visa ending in 2910,180 Woodland Terrace,5
204,2026-07-24,h.ruiz8989@icloud.com,Amex ending in 6321,291 Amber Ridge,8
205,2026-07-24,h.hughes9090@yahoo.com,Google Pay,402 Bluebell Way,2
206,2026-07-24,i.price9191@gmail.com,Visa ending in 7381,513 Cambridge Dr,4
207,2026-07-24,i.castillo9393@gmail.com,MasterCard ending in 9182,624 Deerfield Ln,7
208,2026-07-24,i.sanders9494@yahoo.com,PayPal (i.sanders9494@yahoo.com),735 Evergreen Ct,6
209,2026-07-24,i.patel9595@hotmail.com,Apple Pay,846 Fox Run,9
210,2026-07-24,i.myers9696@gmail.com,Visa ending in 4109,957 Greenbriar Dr,10
211,2026-07-24,i.ross9898@yahoo.com,MasterCard ending in 2190,168 Heritage Way,1
212,2026-07-24,i.foster9999@gmail.com,Discover ending in 5821,279 Ironwood Ct,3
213,2026-07-24,j.powell10101@gmail.com,Visa ending in 9034,380 Lakeshore Dr,5
214,2026-07-24,j.jenkins10202@yahoo.com,Amex ending in 1478,491 Morning Glory Rd,8
215,2026-07-24,j.perry10303@hotmail.com,Google Pay,602 Orchard Ln,2
216,2026-07-24,j.russell10404@gmail.com,Visa ending in 8102,713 Parkview Ave,4
217,2026-07-24,j.sullivan10505@icloud.com,MasterCard ending in 6812,824 Quail Ridge,7
218,2026-07-24,j.coleman10707@gmail.com,PayPal (j.coleman10707@gmail.com),935 Ridgewood Dr,9
219,2026-07-24,j.henderson10909@gmail.com,Apple Pay,146 Sunnydale Rd,6
220,2026-07-24,j.barnes11010@yahoo.com,Visa ending in 3190,257 Tall Pines Ct,10
221,2026-07-25,k.fisher11212@gmail.com,MasterCard ending in 4123,368 University Ave,1
222,2026-07-25,k.vasquez11313@icloud.com,Discover ending in 7590,479 Village Green,3
223,2026-07-25,k.simmons11414@yahoo.com,Visa ending in 2819,580 Windswept Way,5
224,2026-07-25,k.jordan11616@outlook.com,Amex ending in 6301,691 Yorkshire Rd,8
225,2026-07-25,k.alexander11818@yahoo.com,Google Pay,702 Zinnia Ct,2
226,2026-07-25,k.hamilton11919@hotmail.com,Visa ending in 8134,813 Autumn Wood,4
227,2026-07-25,l.reynolds12121@icloud.com,MasterCard ending in 3094,924 Blossom Hill,7
228,2026-07-25,l.griffin12222@yahoo.com,PayPal (l.griffin12222@yahoo.com),135 Clearwater Dr,6
229,2026-07-25,l.moreno12424@outlook.com,Apple Pay,246 Crestview Ln,9
230,2026-07-25,l.west12525@gmail.com,Visa ending in 3571,357 Driftwood Ave,10
231,2026-07-25,l.cole12626@yahoo.com,MasterCard ending in 5123,468 Echo Valley,1
232,2026-07-25,l.hayes12727@hotmail.com,Discover ending in 9902,579 Fox Hollow,3
233,2026-07-25,l.bryant12929@icloud.com,Visa ending in 3140,680 Grandview Terrace,5
234,2026-07-25,m.stevens13131@gmail.com,Amex ending in 7819,791 Heather Way,8
235,2026-07-25,m.murray13232@outlook.com,Google Pay,802 Hidden Valley,2
236,2026-07-25,m.ford13333@gmail.com,Visa ending in 9134,913 Iron Mill Rd,4
237,2026-07-25,m.marshall13434@yahoo.com,MasterCard ending in 6590,124 Kingfisher Ct,7
238,2026-07-25,m.owens13535@hotmail.com,PayPal (m.owens13535@hotmail.com),235 Laurelwood Dr,9
239,2026-07-25,m.harrison13737@icloud.com,Apple Pay,346 Mossy Oak,6
240,2026-07-25,m.ruiz13838@yahoo.com,Visa ending in 4578,457 Nightingale Ln,10
241,2026-07-26,m.wells14040@outlook.com,MasterCard ending in 8301,568 Old Mill Rd,1
242,2026-07-26,n.alvarez14141@gmail.com,Discover ending in 4192,679 Pebble Beach,3
243,2026-07-26,n.mendoza14343@hotmail.com,Visa ending in 7023,780 Quail Run,5
244,2026-07-26,n.castillo14444@gmail.com,Amex ending in 1934,891 Rolling Hills,8
245,2026-07-26,n.olson14545@icloud.com,Google Pay,902 Shady Grove,2
246,2026-07-26,n.tucker14848@outlook.com,Visa ending in 1134,113 Silver Spring,4
247,2026-07-26,n.freeman14949@gmail.com,MasterCard ending in 8801,224 Stone Creek,7
248,2026-07-26,o.henry15151@hotmail.com,PayPal (o.henry15151@hotmail.com),335 Timber Creek,6
249,2026-07-26,o.vasquez15252@gmail.com,Apple Pay,446 Valley Oak,9
250,2026-07-26,o.snyder15353@icloud.com,Visa ending in 5571,557 Willow Creek,10
251,2026-07-26,o.simpson15454@yahoo.com,MasterCard ending in 9043,668 Windmill Way,1
252,2026-07-26,o.jimenez15656@outlook.com,Discover ending in 2381,779 Wood Ridge,3
253,2026-07-26,o.porter15757@gmail.com,Visa ending in 6710,880 Aspen Trail,5
254,2026-07-26,o.hicks15959@hotmail.com,Amex ending in 1049,991 Birchwood Dr,8
255,2026-07-26,o.crawford16060@gmail.com,Google Pay,102 Cedar Ridge,2
256,2026-07-26,p.palmer16161@icloud.com,Visa ending in 2139,213 Dogwood Crest,4
257,2026-07-26,p.robertson16262@yahoo.com,MasterCard ending in 7310,324 Elm Crest,7
258,2026-07-26,p.black16363@gmail.com,PayPal (p.black16363@gmail.com),435 Forest Ridge,9
259,2026-07-26,p.stone16565@gmail.com,Apple Pay,546 Glen Crest,6
260,2026-07-26,p.meyer16666@yahoo.com,Visa ending in 6571,657 Hickory Crest,10
261,2026-07-27,p.jordan16868@gmail.com,MasterCard ending in 2490,768 Ivy Crest,1
262,2026-07-27,p.hunt17070@yahoo.com,Discover ending in 5103,879 Juniper Ridge,3
263,2026-07-27,q.mustang17171@gmail.com,Visa ending in 8391,980 Laurel Crest,5
264,2026-07-27,q.knight17373@gmail.com,Amex ending in 1940,191 Maple Crest,8
265,2026-07-27,q.ferguson17474@yahoo.com,Google Pay,202 Oak Crest,2
266,2026-07-27,q.rose17575@hotmail.com,Visa ending in 3134,313 Pine Crest,4
267,2026-07-27,q.hawkins17777@icloud.com,MasterCard ending in 7093,424 Redwood Crest,7
268,2026-07-27,q.dunn17878@yahoo.com,PayPal (q.dunn17878@yahoo.com),535 Spruce Crest,6
269,2026-07-27,q.hudson18080@outlook.com,Apple Pay,646 Walnut Crest,9
270,2026-07-27,r.spencer18181@gmail.com,Visa ending in 7571,757 Willow Ridge,10
271,2026-07-27,r.gardner18282@yahoo.com,MasterCard ending in 3109,868 Alder Crest,1
272,2026-07-27,r.payne18484@gmail.com,Discover ending in 6421,979 Beech Crest,3
273,2026-07-27,r.pierce18585@icloud.com,Visa ending in 8904,180 Cypress Ridge,5
274,2026-07-27,r.matthews18787@gmail.com,Amex ending in 2130,291 Elm Ridge,8
275,2026-07-27,r.arnold18888@outlook.com,Google Pay,402 Fir Ridge,2
276,2026-07-27,r.wagner18989@gmail.com,Visa ending in 5134,513 Hickory Ridge,4
277,2026-07-27,r.willis19090@yahoo.com,MasterCard ending in 9012,624 Larch Ridge,7
278,2026-07-27,s.watkins19292@gmail.com,PayPal (s.watkins19292@gmail.com),735 Linden Ridge,9
279,2026-07-27,s.olson19393@icloud.com,Apple Pay,846 Magnolia Ridge,6
280,2026-07-27,s.carroll19494@yahoo.com,Visa ending in 9571,957 Mulberry Ridge,10
281,2026-07-28,s.snyder19696@outlook.com,MasterCard ending in 4890,168 Poplar Ridge,1
282,2026-07-28,s.hart19797@gmail.com,Discover ending in 7201,279 Sycamore Ridge,3
283,2026-07-28,s.bradley19999@hotmail.com,Visa ending in 9534,380 Walnut Ridge,5
284,2026-07-28,s.lane20000@gmail.com,Amex ending in 1892,491 Ash Ridge,8
285,2026-07-28,a.smith101@gmail.com,Google Pay,742 Evergreen Terrace,2
286,2026-07-28,a.johnson202@yahoo.com,Visa ending in 8831,123 Maple St Apt 4B,4
287,2026-07-28,a.brown404@outlook.com,MasterCard ending in 1004,890 Oak Ave,7
288,2026-07-28,a.jones505@gmail.com,PayPal (a.jones505@gmail.com),456 Pine Rd,6
289,2026-07-28,a.miller606@yahoo.com,Apple Pay,321 Cedar Ln,9
290,2026-07-28,a.garcia808@gmail.com,Visa ending in 6541,654 Elm St,10
291,2026-07-28,a.wilson1010@yahoo.com,MasterCard ending in 3310,987 Birch Dr,1
292,2026-07-28,a.anderson1212@outlook.com,Discover ending in 7721,159 Walnut Ct,3
293,2026-07-28,a.taylor1313@gmail.com,Visa ending in 9012,753 Chestnut Way,5
294,2026-07-28,a.hernandez1515@hotmail.com,Amex ending in 1184,852 Ash Blvd,8
295,2026-07-28,a.moore1616@gmail.com,Google Pay,963 Beech St,2
296,2026-07-28,a.jackson1818@yahoo.com,Visa ending in 6643,147 Cypress Ave,4
297,2026-07-28,a.white2020@outlook.com,MasterCard ending in 2239,258 Magnolia Dr,7
298,2026-07-28,b.lopez2121@gmail.com,PayPal (b.lopez2121@gmail.com),369 Poplar Rd,9
299,2026-07-28,b.gonzalez2323@hotmail.com,Apple Pay,741 Redwood Ln,6
300,2026-07-28,b.harris2424@gmail.com,Visa ending in 8410,852 Spruce Ct,10
301,2026-07-29,b.clark2525@icloud.com,MasterCard ending in 9631,963 Willow Way,1
302,2026-07-29,b.lewis2626@yahoo.com,Discover ending in 1928,159 Alder St,3
303,2026-07-29,b.walker2828@outlook.com,Visa ending in 3345,357 Sycamore Ave,5
304,2026-07-29,b.perez2929@gmail.com,Amex ending in 7102,468 Hickory Rd,8
305,2026-07-29,c.young3131@hotmail.com,Google Pay,579 Fir St,2
306,2026-07-29,c.sanchez3333@icloud.com,Visa ending in 6801,680 Palm Ave,4
307,2026-07-29,c.wright3434@yahoo.com,MasterCard ending in 4421,791 Beechwood Dr,7
308,2026-07-29,c.king3535@gmail.com,PayPal (c.king3535@gmail.com),802 Cottonwood Ct,6
309,2026-07-29,c.torres3737@gmail.com,Apple Pay,913 Dogwood Ln,9
310,2026-07-29,c.nguyen3838@yahoo.com,Visa ending in 1241,124 Hazel St,10
311,2026-07-29,c.flores4040@gmail.com,MasterCard ending in 2351,235 Larch Rd,1
312,2026-07-29,d.green4141@icloud.com,Discover ending in 9940,346 Laurel Way,3
313,2026-07-29,d.nelson4343@gmail.com,Visa ending in 2011,457 Linden Ave,5
314,2026-07-29,d.hall4545@gmail.com,Amex ending in 5832,568 Maplewood Dr,8
315,2026-07-29,d.rivera4646@yahoo.com,Google Pay,679 Mulberry Ct,2
316,2026-07-29,d.mitchell4848@gmail.com,Visa ending in 7801,780 Pecan St,4
317,2026-07-29,d.carter4949@icloud.com,MasterCard ending in 6092,891 Persimmon Rd,7
318,2026-07-29,d.roberts5050@yahoo.com,PayPal (d.roberts5050@yahoo.com),902 Redwood Ave,9
319,2026-07-29,e.phillips5252@outlook.com,Apple Pay,113 Sassafras Ln,6
320,2026-07-29,e.evans5353@gmail.com,Visa ending in 2241,224 Sweetgum Ct,10
321,2026-07-30,e.turner5454@yahoo.com,MasterCard ending in 8901,335 Sycamore Dr,1
322,2026-07-30,e.parker5656@gmail.com,Discover ending in 4461,446 Tulip St,3
323,2026-07-30,e.cruz5757@icloud.com,Visa ending in 1543,557 Walnut Way,5
324,2026-07-30,e.edwards5858@yahoo.com,Amex ending in 9281,668 Willow Rd,8
325,2026-07-30,e.collins5959@gmail.com,Google Pay,779 Acadia Ave,2
326,2026-07-30,f.morris6262@yahoo.com,Visa ending in 8801,880 Bayberry Dr,4
327,2026-07-30,f.morales6363@hotmail.com,MasterCard ending in 7109,991 Cedarwood Ct,7
328,2026-07-30,f.murphy6464@gmail.com,PayPal (f.murphy6464@gmail.com),102 Chestnut Hill,6
329,2026-07-30,f.cook6565@icloud.com,Apple Pay,213 Dogwood Terrace,9
330,2026-07-30,f.rogers6666@yahoo.com,Visa ending in 3241,324 Elmwood Rd,10
331,2026-07-30,f.ortiz6868@outlook.com,MasterCard ending in 4351,435 Forest Ave,1
332,2026-07-30,f.morgan6969@gmail.com,Discover ending in 2901,546 Glenwood Dr,3
333,2026-07-30,g.peterson7171@hotmail.com,Visa ending in 6571,657 Highland St,5
334,2026-07-30,g.bailey7272@gmail.com,Amex ending in 6123,768 Ivy Lane,8
335,2026-07-30,g.reed7373@icloud.com,Google Pay,879 Juniper Ct,2
336,2026-07-30,g.kelly7474@yahoo.com,Visa ending in 9801,980 Laurel Ridge,4
337,2026-07-30,g.howard7575@gmail.com,MasterCard ending in 4390,191 Magnolia Way,7
338,2026-07-30,g.kim7777@gmail.com,PayPal (g.kim7777@gmail.com),202 Meadow Dr,9
339,2026-07-30,g.ward7979@hotmail.com,Apple Pay,313 Oakridge Rd,6
340,2026-07-30,g.richardson8080@gmail.com,Visa ending in 4241,424 Pinecrest Ave,10
341,2026-07-31,h.watson8181@icloud.com,MasterCard ending in 8812,535 Riverview Ct,1
342,2026-07-31,h.brooks8282@yahoo.com,Discover ending in 6461,646 Shadow Ln,3
343,2026-07-31,h.chavez8383@gmail.com,Visa ending in 7571,757 Timberline Dr,5
344,2026-07-31,h.james8585@gmail.com,Amex ending in 1092,868 Valley View,8
345,2026-07-31,h.gray8787@hotmail.com,Google Pay,979 Whispering Pines,2
346,2026-07-31,h.mendoza8888@gmail.com,Visa ending in 1801,180 Woodland Terrace,4
347,2026-07-31,h.ruiz8989@icloud.com,MasterCard ending in 6321,291 Amber Ridge,7
348,2026-07-31,h.hughes9090@yahoo.com,PayPal (h.hughes9090@yahoo.com),402 Bluebell Way,6
349,2026-07-31,i.price9191@gmail.com,Apple Pay,513 Cambridge Dr,9
350,2026-07-31,i.castillo9393@gmail.com,Visa ending in 6241,624 Deerfield Ln,10
351,2026-07-31,i.sanders9494@yahoo.com,MasterCard ending in 3401,735 Evergreen Ct,1
352,2026-07-31,i.patel9595@hotmail.com,Discover ending in 8461,846 Fox Run,3
353,2026-07-31,i.myers9696@gmail.com,Visa ending in 9571,957 Greenbriar Dr,5
354,2026-07-31,i.ross9898@yahoo.com,Amex ending in 2190,168 Heritage Way,8
355,2026-07-31,i.foster9999@gmail.com,Google Pay,279 Ironwood Ct,2
356,2026-07-31,j.powell10101@gmail.com,Visa ending in 3801,380 Lakeshore Dr,4
357,2026-07-31,j.jenkins10202@yahoo.com,MasterCard ending in 1478,491 Morning Glory Rd,7
358,2026-07-31,j.perry10303@hotmail.com,PayPal (j.perry10303@hotmail.com),602 Orchard Ln,9
359,2026-07-31,j.russell10404@gmail.com,Apple Pay,713 Parkview Ave,6
360,2026-07-31,j.sullivan10505@icloud.com,Visa ending in 8241,824 Quail Ridge,10
361,2026-08-01,j.coleman10707@gmail.com,MasterCard ending in 8901,935 Ridgewood Dr,1
362,2026-08-01,j.henderson10909@gmail.com,Discover ending in 1461,146 Sunnydale Rd,3
363,2026-08-01,j.barnes11010@yahoo.com,Visa ending in 2571,257 Tall Pines Ct,5
364,2026-08-01,k.fisher11212@gmail.com,Amex ending in 4123,368 University Ave,8
365,2026-08-01,k.vasquez11313@icloud.com,Google Pay,479 Village Green,2
366,2026-08-01,k.simmons11414@yahoo.com,Visa ending in 5801,580 Windswept Way,4
367,2026-08-01,k.jordan11616@outlook.com,MasterCard ending in 6301,691 Yorkshire Rd,7
368,2026-08-01,k.alexander11818@yahoo.com,PayPal (k.alexander11818@yahoo.com),702 Zinnia Ct,6
369,2026-08-01,k.hamilton11919@hotmail.com,Apple Pay,813 Autumn Wood,9
370,2026-08-01,l.reynolds12121@icloud.com,Visa ending in 9241,924 Blossom Hill,10
371,2026-08-01,l.griffin12222@yahoo.com,MasterCard ending in 8210,135 Clearwater Dr,1
372,2026-08-01,l.moreno12424@outlook.com,Discover ending in 2461,246 Crestview Ln,3
373,2026-08-01,l.west12525@gmail.com,Visa ending in 3571,357 Driftwood Ave,5
374,2026-08-01,l.cole12626@yahoo.com,Amex ending in 5123,468 Echo Valley,8
375,2026-08-01,l.hayes12727@hotmail.com,Google Pay,579 Fox Hollow,2
376,2026-08-01,l.bryant12929@icloud.com,Visa ending in 6801,680 Grandview Terrace,4
377,2026-08-01,m.stevens13131@gmail.com,MasterCard ending in 7819,791 Heather Way,7
378,2026-08-01,m.murray13232@outlook.com,PayPal (m.murray13232@outlook.com),802 Hidden Valley,9
379,2026-08-01,m.ford13333@gmail.com,Apple Pay,913 Iron Mill Rd,6
380,2026-08-01,m.marshall13434@yahoo.com,Visa ending in 1241,124 Kingfisher Ct,10
381,2026-08-01,m.owens13535@hotmail.com,MasterCard ending in 1289,235 Laurelwood Dr,1
382,2026-08-01,m.harrison13737@icloud.com,Discover ending in 3461,346 Mossy Oak,3
383,2026-08-01,m.ruiz13838@yahoo.com,Visa ending in 4571,457 Nightingale Ln,5
384,2026-08-01,m.wells14040@outlook.com,Amex ending in 8301,568 Old Mill Rd,8
385,2026-08-01,n.alvarez14141@gmail.com,Google Pay,679 Pebble Beach,2
386,2026-08-01,n.mendoza14343@hotmail.com,Visa ending in 7801,780 Quail Run,4
387,2026-08-01,n.castillo14444@gmail.com,MasterCard ending in 1934,891 Rolling Hills,7
388,2026-08-01,n.olson14545@icloud.com,PayPal (n.olson14545@icloud.com),902 Shady Grove,6
389,2026-08-01,n.tucker14848@outlook.com,Apple Pay,113 Silver Spring,9
390,2026-08-01,n.freeman14949@gmail.com,Visa ending in 2241,224 Stone Creek,10
391,2026-08-01,o.henry15151@hotmail.com,MasterCard ending in 3219,335 Timber Creek,1
392,2026-08-01,o.vasquez15252@gmail.com,Discover ending in 4461,446 Valley Oak,3
393,2026-08-01,o.snyder15353@icloud.com,Visa ending in 5571,557 Willow Creek,5
394,2026-08-01,o.simpson15454@yahoo.com,Amex ending in 9043,668 Windmill Way,8
395,2026-08-01,o.jimenez15656@outlook.com,Google Pay,779 Wood Ridge,2
396,2026-08-01,o.porter15757@gmail.com,Visa ending in 8801,880 Aspen Trail,4
397,2026-08-01,o.hicks15959@hotmail.com,MasterCard ending in 1049,991 Birchwood Dr,7
398,2026-08-01,o.crawford16060@gmail.com,PayPal (o.crawford16060@gmail.com),102 Cedar Ridge,6
399,2026-08-01,p.palmer16161@icloud.com,Apple Pay,213 Dogwood Crest,9
400,2026-08-01,p.robertson16262@yahoo.com,Visa ending in 3241,324 Elm Crest,10
401,2026-08-02,p.black16363@gmail.com,MasterCard ending in 9802,435 Forest Ridge,1
402,2026-08-02,p.stone16565@gmail.com,Discover ending in 5461,546 Glen Crest,3
403,2026-08-02,p.meyer16666@yahoo.com,Visa ending in 6571,657 Hickory Crest,5
404,2026-08-02,p.jordan16868@gmail.com,Amex ending in 2490,768 Ivy Crest,8
405,2026-08-02,p.hunt17070@yahoo.com,Google Pay,879 Juniper Ridge,2
406,2026-08-02,q.mustang17171@gmail.com,Visa ending in 9801,980 Laurel Crest,4
407,2026-08-02,q.knight17373@gmail.com,MasterCard ending in 1940,191 Maple Crest,7
408,2026-08-02,q.ferguson17474@yahoo.com,PayPal (q.ferguson17474@yahoo.com),202 Oak Crest,6
409,2026-08-02,q.rose17575@hotmail.com,Apple Pay,313 Pine Crest,9
410,2026-08-02,q.hawkins17777@icloud.com,Visa ending in 4241,424 Redwood Crest,10
411,2026-08-02,q.dunn17878@yahoo.com,MasterCard ending in 9501,535 Spruce Crest,1
412,2026-08-02,q.hudson18080@outlook.com,Discover ending in 6461,646 Walnut Crest,3
413,2026-08-02,r.spencer18181@gmail.com,Visa ending in 7571,757 Willow Ridge,5
414,2026-08-02,r.gardner18282@yahoo.com,Amex ending in 3109,868 Alder Crest,8
415,2026-08-02,r.payne18484@gmail.com,Google Pay,979 Beech Crest,2
416,2026-08-02,r.pierce18585@icloud.com,Visa ending in 1801,180 Cypress Ridge,4
417,2026-08-02,r.matthews18787@gmail.com,MasterCard ending in 2130,291 Elm Ridge,7
418,2026-08-02,r.arnold18888@outlook.com,PayPal (r.arnold18888@outlook.com),402 Fir Ridge,6
419,2026-08-02,r.wagner18989@gmail.com,Apple Pay,513 Hickory Ridge,9
420,2026-08-02,r.willis19090@yahoo.com,Visa ending in 6241,624 Larch Ridge,10
421,2026-08-02,s.watkins19292@gmail.com,MasterCard ending in 1345,735 Linden Ridge,1
422,2026-08-02,s.olson19393@icloud.com,Discover ending in 8461,846 Magnolia Ridge,3
423,2026-08-02,s.carroll19494@yahoo.com,Visa ending in 9571,957 Mulberry Ridge,5
424,2026-08-02,s.snyder19696@outlook.com,Amex ending in 4890,168 Poplar Ridge,8
425,2026-08-02,s.hart19797@gmail.com,Google Pay,279 Sycamore Ridge,2
426,2026-08-02,s.bradley19999@hotmail.com,Visa ending in 3801,380 Walnut Ridge,4
427,2026-08-02,s.lane20000@gmail.com,MasterCard ending in 1892,491 Ash Ridge,7
428,2026-08-02,a.smith101@gmail.com,PayPal (a.smith101@gmail.com),742 Evergreen Terrace,6
429,2026-08-02,a.johnson202@yahoo.com,Apple Pay,123 Maple St Apt 4B,9
430,2026-08-02,a.brown404@outlook.com,Visa ending in 8901,890 Oak Ave,10
431,2026-08-02,a.jones505@gmail.com,MasterCard ending in 4561,456 Pine Rd,1
432,2026-08-02,a.miller606@yahoo.com,Discover ending in 3211,321 Cedar Ln,3
433,2026-08-02,a.garcia808@gmail.com,Visa ending in 6541,654 Elm St,5
434,2026-08-02,a.wilson1010@yahoo.com,Amex ending in 3310,987 Birch Dr,8
435,2026-08-02,a.anderson1212@outlook.com,Google Pay,159 Walnut Ct,2
436,2026-08-02,a.taylor1313@gmail.com,Visa ending in 7531,753 Chestnut Way,4
437,2026-08-02,a.hernandez1515@hotmail.com,MasterCard ending in 1184,852 Ash Blvd,7
438,2026-08-02,a.moore1616@gmail.com,PayPal (a.moore1616@gmail.com),963 Beech St,6
439,2026-08-02,a.jackson1818@yahoo.com,Apple Pay,147 Cypress Ave,9
440,2026-08-02,a.white2020@outlook.com,Visa ending in 2581,258 Magnolia Dr,10
441,2026-08-02,b.lopez2121@gmail.com,MasterCard ending in 5091,369 Poplar Rd,1
442,2026-08-02,b.gonzalez2323@hotmail.com,Discover ending in 7411,741 Redwood Ln,3
443,2026-08-02,b.harris2424@gmail.com,Visa ending in 8410,852 Spruce Ct,5
444,2026-08-02,b.clark2525@icloud.com,Amex ending in 9631,963 Willow Way,8
445,2026-08-02,b.lewis2626@yahoo.com,Google Pay,159 Alder St,2
446,2026-08-02,b.walker2828@outlook.com,Visa ending in 3571,357 Sycamore Ave,4
447,2026-08-02,b.perez2929@gmail.com,MasterCard ending in 7102,468 Hickory Rd,7
448,2026-08-02,c.young3131@hotmail.com,PayPal (c.young3131@hotmail.com),579 Fir St,6
449,2026-08-02,c.sanchez3333@icloud.com,Apple Pay,680 Palm Ave,9
450,2026-08-02,c.wright3434@yahoo.com,Visa ending in 7911,791 Beechwood Dr,10
451,2026-08-02,c.king3535@gmail.com,MasterCard ending in 8820,802 Cottonwood Ct,1
452,2026-08-02,c.torres3737@gmail.com,Discover ending in 9131,913 Dogwood Ln,3
453,2026-08-02,c.nguyen3838@yahoo.com,Visa ending in 1241,124 Hazel St,5
454,2026-08-02,c.flores4040@gmail.com,Amex ending in 2351,235 Larch Rd,8
455,2026-08-02,d.green4141@icloud.com,Google Pay,346 Laurel Way,2
456,2026-08-02,d.nelson4343@gmail.com,Visa ending in 4571,457 Linden Ave,4
457,2026-08-02,d.hall4545@gmail.com,MasterCard ending in 5832,568 Maplewood Dr,7
458,2026-08-02,d.rivera4646@yahoo.com,PayPal (d.rivera4646@yahoo.com),679 Mulberry Ct,6
459,2026-08-02,d.mitchell4848@gmail.com,Apple Pay,780 Pecan St,9
460,2026-08-02,d.carter4949@icloud.com,Visa ending in 8911,891 Persimmon Rd,10
461,2026-08-02,d.roberts5050@yahoo.com,MasterCard ending in 7281,902 Redwood Ave,1
462,2026-08-02,e.phillips5252@outlook.com,Discover ending in 1131,113 Sassafras Ln,3
463,2026-08-02,e.evans5353@gmail.com,Visa ending in 2241,224 Sweetgum Ct,5
464,2026-08-02,e.turner5454@yahoo.com,Amex ending in 8901,335 Sycamore Dr,8
465,2026-08-02,e.parker5656@gmail.com,Google Pay,446 Tulip St,2
466,2026-08-02,e.cruz5757@icloud.com,Visa ending in 5571,557 Walnut Way,4
467,2026-08-02,e.edwards5858@yahoo.com,MasterCard ending in 9281,668 Willow Rd,7
468,2026-08-02,e.collins5959@gmail.com,PayPal (e.collins5959@gmail.com),779 Acadia Ave,6
469,2026-08-02,f.morris6262@yahoo.com,Apple Pay,880 Bayberry Dr,9
470,2026-08-02,f.morales6363@hotmail.com,Visa ending in 9911,991 Cedarwood Ct,10
471,2026-08-02,f.murphy6464@gmail.com,MasterCard ending in 1021,102 Chestnut Hill,1
472,2026-08-02,f.cook6565@icloud.com,Discover ending in 2131,213 Dogwood Terrace,3
473,2026-08-02,f.rogers6666@yahoo.com,Visa ending in 3241,324 Elmwood Rd,5
474,2026-08-02,f.ortiz6868@outlook.com,Amex ending in 4351,435 Forest Ave,8
475,2026-08-02,f.morgan6969@gmail.com,Google Pay,546 Glenwood Dr,2
476,2026-08-02,g.peterson7171@hotmail.com,Visa ending in 6571,657 Highland St,4
477,2026-08-02,g.bailey7272@gmail.com,MasterCard ending in 6123,768 Ivy Lane,7
478,2026-08-02,g.reed7373@icloud.com,PayPal (g.reed7373@icloud.com),879 Juniper Ct,6
479,2026-08-02,g.kelly7474@yahoo.com,Apple Pay,980 Laurel Ridge,9
480,2026-08-02,g.howard7575@gmail.com,Visa ending in 1911,191 Magnolia Way,10
481,2026-08-02,g.kim7777@gmail.com,MasterCard ending in 2021,202 Meadow Dr,1
482,2026-08-02,g.ward7979@hotmail.com,Discover ending in 3131,313 Oakridge Rd,3
483,2026-08-02,g.richardson8080@gmail.com,Visa ending in 4241,424 Pinecrest Ave,5
484,2026-08-02,h.watson8181@icloud.com,Amex ending in 8812,535 Riverview Ct,8
485,2026-08-02,h.brooks8282@yahoo.com,Google Pay,646 Shadow Ln,2
486,2026-08-02,h.chavez8383@gmail.com,Visa ending in 7571,757 Timberline Dr,4
487,2026-08-02,h.james8585@gmail.com,MasterCard ending in 1092,868 Valley View,7
488,2026-08-02,h.gray8787@hotmail.com,PayPal (h.gray8787@hotmail.com),979 Whispering Pines,6
489,2026-08-02,h.mendoza8888@gmail.com,Apple Pay,180 Woodland Terrace,9
490,2026-08-02,h.ruiz8989@icloud.com,Visa ending in 2911,291 Amber Ridge,10
491,2026-08-02,h.hughes9090@yahoo.com,MasterCard ending in 8743,402 Bluebell Way,1
492,2026-08-02,i.price9191@gmail.com,Discover ending in 5131,513 Cambridge Dr,3
493,2026-08-02,i.castillo9393@gmail.com,Visa ending in 6241,624 Deerfield Ln,5
494,2026-08-02,i.sanders9494@yahoo.com,Amex ending in 3401,735 Evergreen Ct,8
495,2026-08-02,i.patel9595@hotmail.com,Google Pay,846 Fox Run,2
496,2026-08-02,i.myers9696@gmail.com,Visa ending in 9571,957 Greenbriar Dr,4
497,2026-08-02,i.ross9898@yahoo.com,MasterCard ending in 2190,168 Heritage Way,7
498,2026-08-02,i.foster9999@gmail.com,PayPal (i.foster9999@gmail.com),279 Ironwood Ct,6
499,2026-08-02,j.powell10101@gmail.com,Apple Pay,380 Lakeshore Dr,9
500,2026-08-02,j.jenkins10202@yahoo.com,Visa ending in 4911,491 Morning Glory Rd,10